office,county,subcounty,sublocation,village,waterpointname,waterpointid
busia,busia,samia,wakhungu,gulumoyo,mujuru prot spring,10010008
busia,busia,teso south,alupe,amerikwai,omado well,10020021
busia,busia,butula,emukhweso,lwanda,elwanda prot spring,10030007
busia,busia,matayos,mabunge,mabunge,okumu debe prot spring,10050002
busia,busia,butula,kingandole,sieywe,tapu borehole,10050003
busia,busia,butula,namusala,bulindo,bulindo (keya) borehole,10050012
busia,busia,nambale,siekunya,busidibu,donosio spring,10050036
awendo,homabay,ndhiwa,karading,chialo,ka_james_well,10330369
awendo,homabay,ndhiwa,karading,nyangweta,olala_ayiemba_well,10330386
awendo,homabay,ndhiwa,kawuor,kojwando a,koyogo_borehole,10330422
awendo,homabay,ndhiwa,kobita,maroo b,kokech_spring,10330462
awendo,homabay,ndhiwa,komungu,osodo a,ayara_amollo_tap_water,10330502
awendo,homabay,ndhiwa,konyango,maram,komolo_spring,10330524
awendo,homabay,ndhiwa,konyango,kamuga a,kanjiru well,10330541
awendo,homabay,ndhiwa,kawuor,redhi,peter_otieno_well,10330545
awendo,homabay,ndhiwa,kawuor,migera a,wath_ndawa_stream,10330552
awendo,homabay,ndhiwa,kawuor,migera a,kawene_spring,10330553
awendo,homabay,ndhiwa,kawuor,nyakwere,kapius_spring,10330565
awendo,homabay,ndhiwa,kawuor,kanyatenga a,konganya_spring,10330573
awendo,homabay,ndhiwa,lower kabonyo,nyabware,ka_john_ogutu_borehole,10330581
awendo,homabay,ndhiwa,lower kabonyo,pith dibuoro,koduogo_borehole,10330582
awendo,homabay,ndhiwa,lower kabonyo,pith dibuoro,kangino_spring,10330583
awendo,homabay,ndhiwa,lower kabonyo,pith dibuoro,mak_onyango_well,10330584
awendo,homabay,ndhiwa,lower kabonyo,janyawo,ka_-_amollo_spring,10330587
awendo,homabay,ndhiwa,lower kabonyo,misita,gudu_well,10330593
awendo,homabay,ndhiwa,lower kabonyo,gongo,julias_omondi_well,10330596
awendo,homabay,ndhiwa,ratanga,opedhi,umoja_borehole,10330754
awendo,homabay,ndhiwa,upper kayambo,nyingino,kanyang'eyi_pond,10330841
awendo,homabay,ndhiwa,west kachieng,nyabola b,kaboge_spring,10330923
awendo,migori,kuria west,getonganya,getonganya center,kejoginda_well,10340005
awendo,migori,kuria west,nyankore,nyambare,komosere_spring,10340050
awendo,migori,kuria west,nyankore,nyankore a,komosaboa_prtd_spring,10340051
awendo,migori,kuria west,masaba,masaba b,kegati_mwita_unprtd_well,10340062
awendo,migori,kuria west,isibania,maguti b,kegirwa protected well,10340098
chavakali,kakamega,kakamega east,mukango,shiaviunyi,james_musindi,10181305
chavakali,kakamega,kakamega east,virhembe,kasali,isevere_muleche,10181306
chavakali,kakamega,kakamega south,virhembe,shangalagwi,likhomo_muluvia,10181307
chavakali,kakamega,kakamega east,virhembe,shangalagwi,shangalangwe_spring,10181308
chavakali,kakamega,kakamega east,virhembe,lugala,sore_spring,10181309
chavakali,kakamega,khwisero,mundombelwa,elukanyi,ongoma spring,10181311
chavakali,kakamega,kakamega south,shivagala,ishiangoni,angalwa,10181312
chavakali,kakamega,kakamega south,lunenele,ibuka,imakhanga,10181313
chavakali,kakamega,kakamega east,itenyi,shikhomola,imbache spring,10181314
chavakali,kakamega,butere,inaya,eshikongolwa,mwiyingo spring,10181315
chavakali,kakamega,butere,bumamu,muliman,mushikongolo_spring,10181316
chavakali,kakamega,kakamega east,mugomari,mumela,laban_shivembe_spring,10181317
chavakali,kakamega,khwisero,mundobelwa,ebulukulu,lwanza spring,10181318
chavakali,kakamega,kakamega central,shirakalu,ebuhangwa,kefinco_-_1017,10181319
chavakali,vihiga,sabatia,kegondi,vihindi,singoni,10181320
chavakali,kakamega,butere,inaya,eshikongolwa,khainga spring,10181321
chavakali,vihiga,sabatia,kegondi,vihindi,kenogo,10181322
chavakali,kakamega,butere,emuhanda,muluwa,etoro spring,10181324
chavakali,kakamega,kakamega south,lukose,imatindi,wa mpapale,10181325
chavakali,kakamega,kakamega central,shibuli,isembe,mumias,10181326
ugunja,siaya,ugenya,sega,odende,kulo komolo,10211870
ugunja,siaya,ugenya,sihay,ujwanga kawili,kulo kodula,10211871
ugunja,siaya,ugenya,yenga,nyawara,naikonda kotieno ogola,10211873
ugunja,siaya,ugunja,magoya,waliera,kadogo,10211874
ugunja,siaya,ugunja,rambula south,mauna a,ka njega koga,10211877
ugunja,siaya,ugunja,rambula south,nyawara,kotieno kodinga,10211878
ugunja,siaya,ugunja,tingare east,ngop misengni,koyomna,10211879
ugunja,siaya,ugunja,ugunja,suwinga,ka john odero odera,10211882
ugunja,siaya,siaya,bar_agulu,agoro_lieye_a,dahambwa_stream,10220001
ugunja,siaya,siaya,bar_agulu,agoro_lieye_a,kahalowe_unprotected_well,10220002
ugunja,siaya,siaya,bar_agulu,agoro_lieye_a,kamuruka_unprotected_spring,10220003
ugunja,siaya,siaya,bar_agulu,agoro_lieye_a,katuodo_protected_spring,10220004
ugunja,siaya,siaya,bar_agulu,haga,unprotected_spring_john_bena,10220005
ugunja,siaya,siaya,bar_agulu,haga,kabibo_unprotected_spring,10220007
ugunja,siaya,siaya,bar_agulu,haga,kanoah_well,10220008
ugunja,siaya,siaya,bar_agulu,haga,kopiyo_kamalunga_well,10220009
ugunja,siaya,siaya,bar_agulu,haga,kowino_well,10220010
matunda,kakamega,matete,kivaywa,maungu,isaac_wanyonyi_well,10260258
matunda,kakamega,matete,kivaywa,maungu,rapson_nandwa_well,10260261
matunda,kakamega,matete,kivaywa,vuyika,ayub_muvango_prot_well,10260262
matunda,kakamega,matete,kivaywa,vuyika,samwel_mandila_protected_well,10260263
matunda,kakamega,matete,kivaywa,vuyika,angatia_mishard_well,10260264
matunda,kakamega,matete,kivaywa,vuyika,salome_wasilwa_wel,10260265
matunda,kakamega,matete,kivaywa,vuyika,andrew_kadamu_well,10260266
matunda,kakamega,matete,kiliboti,sikulu,wangusi_well,10260267
matunda,kakamega,matete,kiliboti,sikulu,wamchwa_mukhiti,10260268
matunda,kakamega,matete,kiliboti,sihilila,wanyonyi_spring,10260269
matunda,kakamega,matete,kiliboti,sihilila,khwatenge_spring,10260270
matunda,kakamega,matete,kiliboti,sihilila,makatini_spring,10260271
matunda,kakamega,matete,maturu,shiandiche_a,shadrack_mumasi,10260272
matunda,kakamega,matete,kiliboti,sango_,kifingo kiliboti,10260273
matunda,kakamega,matete,kiliboti,sango_,lyambila_wambulwa_shallow_well,10260274
matunda,kakamega,matete,kiliboti,sango_,munyepe_protected_spring,10260275
matunda,kakamega,matete,kiliboti,sango_,wanyama_spring,10260277
matunda,kakamega,matete,kiliboti,sambaka,john_major_spring,10260278
matunda,kakamega,matete,kiliboti,sambaka,boaz_nyongesa_spring,10260279
matunda,kakamega,matete,kiliboti,nambilima,nangema_protected_spring,10260281
matunda,kakamega,matete,kiliboti,nambilima,nakewa_spring,10260282
matunda,kakamega,matete,kiliboti,nambilima,nambilima_water_pump,10260283
matunda,kakamega,matete,kiliboti,mungakha,washiko_pump,10260284
matunda,kakamega,matete,kiliboti,mungakha,rabson_spring,10260285
matunda,kakamega,matete,kiliboti,mungakha,resa_borehole,10260287
matunda,kakamega,matete,kiliboti,mungakha,mang'eni_borehole,10260288
matunda,kakamega,matete,kiliboti,mukhalanya,mukhalanya/lukova_water_tap,10260290
matunda,kakamega,matete,kiliboti,muhomo,wekesa_spring,10260291
matunda,kakamega,matete,kiliboti,mbakara,juma_spring,10260292
matunda,kakamega,matete,kiliboti,muhomo,shadrack_bukhebi_unprotected_spring,10260293
matunda,kakamega,matete,kiliboti,muhomo,ayub_white,10260294
matunda,kakamega,matete,kiliboti,mbakara,zadock_unprotected_spring,10260295
matunda,kakamega,matete,kiliboti,mbakara,man'geni_spring,10260296
