_element_key,_element_name,_element_type,_list_child_element_keys
c107a_wpt_gps,c107a_wpt_gps,geopoint,"[""c107a_wpt_gps_accuracy"",""c107a_wpt_gps_altitude"",""c107a_wpt_gps_latitude"",""c107a_wpt_gps_longitude""]"
c107a_wpt_gps_accuracy,accuracy,number,[]
c107a_wpt_gps_altitude,altitude,number,[]
c107a_wpt_gps_latitude,latitude,number,[]
c107a_wpt_gps_longitude,longitude,number,[]
c108_season,c108_season,string,[]
c108a_days_rain,c108a_days_rain,integer,[]
c108c_rain_amount,c108c_rain_amount,string,[]
c109_resp_consent,c109_resp_consent,string,[]
c110_resp_name,c110_resp_name,string,[]
c110a_resp_age,c110a_resp_age,integer,[]
c111_cmpd_digits,c111_cmpd_digits,integer,[]
c112a_cmpd_fam_name,c112a_cmpd_fam_name,string,[]
c112b_cmpd_name1,c112b_cmpd_name1,string,[]
c112c_cmpd_name2,c112c_cmpd_name2,string,[]
c112d_cmpd_clan_name,c112d_cmpd_clan_name,string,[]
c112e_cmpd_contact,c112e_cmpd_contact,integer,[]
c201_get_watr_dispsource,c201_get_watr_dispsource,string,[]
c201_get_watr_dispsource_other,c201_get_watr_dispsource_other,string,[]
c201a_get_watr_dispsource_ynt,c201a_get_watr_dispsource_ynt,array,"[""c201a_get_watr_dispsource_ynt_items""]"
c201a_get_watr_dispsource_ynt_items,items,string,[]
c201a_get_watr_dispsource_ynt_ot,c201a_get_watr_dispsource_ynt_ot,string,[]
c202_walk_disp,c202_walk_disp,integer,[]
c203_resp_gender,c203_resp_gender,string,[]
c205_resp_schling,c205_resp_schling,string,[]
c205_resp_schling_other,c205_resp_schling_other,string,[]
c206a_read_nwspper_male,c206a_read_nwspper_male,string,[]
c206b_read_nwspper_female,c206b_read_nwspper_female,string,[]
c206c_resp_relationship,c206c_resp_relationship,string,[]
c206c_resp_relationship_other,c206c_resp_relationship_other,string,[]
c207_pri_source_info,c207_pri_source_info,array,"[""c207_pri_source_info_items""]"
c207_pri_source_info_items,items,string,[]
c207_pri_source_info_other,c207_pri_source_info_other,string,[]
c207a_pri_source_info_ngo,c207a_pri_source_info_ngo,string,[]
c208a_boma_walls,c208a_boma_walls,string,[]
c208a_boma_walls_other,c208a_boma_walls_other,string,[]
c208b_boma_floor,c208b_boma_floor,string,[]
c208b_boma_floor_other,c208b_boma_floor_other,string,[]
c208c_boma_roof,c208c_boma_roof,string,[]
c208c_boma_roof_other,c208c_boma_roof_other,string,[]
c209a_boma_mobiles,c209a_boma_mobiles,integer,[]
c209b_boma_radios,c209b_boma_radios,integer,[]
c209c_boma_sheep_goats,c209c_boma_sheep_goats,integer,[]
c209d_boma_cattle,c209d_boma_cattle,integer,[]
c301_cmpd_hhold,c301_cmpd_hhold,integer,[]
c302b_hhold_ppl,c302b_hhold_ppl,integer,[]
c302c_over18_ppl,c302c_over18_ppl,integer,[]
c303b_hhold_male,c303b_hhold_male,integer,[]
c304b_hhold_female,c304b_hhold_female,integer,[]
c305b_hhold_child,c305b_hhold_child,integer,[]
c306a_chld_gender,c306a_chld_gender,string,[]
c306b_chld_gender,c306b_chld_gender,string,[]
c306c_chld_gender,c306c_chld_gender,string,[]
c306d_chld_gender,c306d_chld_gender,string,[]
c306e_chld_gender,c306e_chld_gender,string,[]
c306f_chld_gender,c306f_chld_gender,string,[]
c306g_chld_gender,c306g_chld_gender,string,[]
c306h_chld_gender,c306h_chld_gender,string,[]
c307a_chld_age_yrs,c307a_chld_age_yrs,number,[]
c307b_chld_age_yrs,c307b_chld_age_yrs,number,[]
c307c_chld_age_yrs,c307c_chld_age_yrs,number,[]
c307d_chld_age_yrs,c307d_chld_age_yrs,number,[]
c307e_chld_age_yrs,c307e_chld_age_yrs,number,[]
c307f_chld_age_yrs,c307f_chld_age_yrs,number,[]
c307g_chld_age_yrs,c307g_chld_age_yrs,number,[]
c307h_chld_age_yrs,c307h_chld_age_yrs,number,[]
c308a_chld_age_months,c308a_chld_age_months,number,[]
c308b_chld_age_months,c308b_chld_age_months,number,[]
c308c_chld_age_months,c308c_chld_age_months,number,[]
c308d_chld_age_months,c308d_chld_age_months,number,[]
c308e_chld_age_months,c308e_chld_age_months,number,[]
c308f_chld_age_months,c308f_chld_age_months,number,[]
c308g_chld_age_months,c308g_chld_age_months,number,[]
c308h_chld_age_months,c308h_chld_age_months,number,[]
c309a_chld_age_wks,c309a_chld_age_wks,number,[]
c309b_chld_age_wks,c309b_chld_age_wks,number,[]
c309c_chld_age_wks,c309c_chld_age_wks,number,[]
c309d_chld_age_wks,c309d_chld_age_wks,number,[]
c309e_chld_age_wks,c309e_chld_age_wks,number,[]
c309f_chld_age_wks,c309f_chld_age_wks,number,[]
c309g_chld_age_wks,c309g_chld_age_wks,number,[]
c309h_chld_age_wks,c309h_chld_age_wks,number,[]
c310a_chld_brstfdg,c310a_chld_brstfdg,string,[]
c310b_chld_brstfdg,c310b_chld_brstfdg,string,[]
c310c_chld_brstfdg,c310c_chld_brstfdg,string,[]
c310d_chld_brstfdg,c310d_chld_brstfdg,string,[]
c310e_chld_brstfdg,c310e_chld_brstfdg,string,[]
c310f_chld_brstfdg,c310f_chld_brstfdg,string,[]
c310g_chld_brstfdg,c310g_chld_brstfdg,string,[]
c310h_chld_brstfdg,c310h_chld_brstfdg,string,[]
c311a_chld_drhea_past2wks,c311a_chld_drhea_past2wks,string,[]
c311b_chld_drhea_past2wks,c311b_chld_drhea_past2wks,string,[]
c311c_chld_drhea_past2wks,c311c_chld_drhea_past2wks,string,[]
c311d_chld_drhea_past2wks,c311d_chld_drhea_past2wks,string,[]
c311e_chld_drhea_past2wks,c311e_chld_drhea_past2wks,string,[]
c311f_chld_drhea_past2wks,c311f_chld_drhea_past2wks,string,[]
c311g_chld_drhea_past2wks,c311g_chld_drhea_past2wks,string,[]
c311h_chld_drhea_past2wks,c311h_chld_drhea_past2wks,string,[]
c312a_chld_drhea_today,c312a_chld_drhea_today,string,[]
c312b_chld_drhea_today,c312b_chld_drhea_today,string,[]
c312c_chld_drhea_today,c312c_chld_drhea_today,string,[]
c312d_chld_drhea_today,c312d_chld_drhea_today,string,[]
c312e_chld_drhea_today,c312e_chld_drhea_today,string,[]
c312f_chld_drhea_today,c312f_chld_drhea_today,string,[]
c312g_chld_drhea_today,c312g_chld_drhea_today,string,[]
c312h_chld_drhea_today,c312h_chld_drhea_today,string,[]
c313a_chld_drhea_ystrday,c313a_chld_drhea_ystrday,string,[]
c313b_chld_drhea_ystrday,c313b_chld_drhea_ystrday,string,[]
c313c_chld_drhea_ystrday,c313c_chld_drhea_ystrday,string,[]
c313d_chld_drhea_ystrday,c313d_chld_drhea_ystrday,string,[]
c313e_chld_drhea_ystrday,c313e_chld_drhea_ystrday,string,[]
c313f_chld_drhea_ystrday,c313f_chld_drhea_ystrday,string,[]
c313g_chld_drhea_ystrday,c313g_chld_drhea_ystrday,string,[]
c313h_chld_drhea_ystrday,c313h_chld_drhea_ystrday,string,[]
c314a_chld_drhea_bfoystrday,c314a_chld_drhea_bfoystrday,string,[]
c314b_chld_drhea_bfoystrday,c314b_chld_drhea_bfoystrday,string,[]
c314c_chld_drhea_bfoystrday,c314c_chld_drhea_bfoystrday,string,[]
c314d_chld_drhea_bfoystrday,c314d_chld_drhea_bfoystrday,string,[]
c314e_chld_drhea_bfoystrday,c314e_chld_drhea_bfoystrday,string,[]
c314f_chld_drhea_bfoystrday,c314f_chld_drhea_bfoystrday,string,[]
c314g_chld_drhea_bfoystrday,c314g_chld_drhea_bfoystrday,string,[]
c314h_chld_drhea_bfoystrday,c314h_chld_drhea_bfoystrday,string,[]
c315a_chld_drhea_pastwk,c315a_chld_drhea_pastwk,string,[]
c315b_chld_drhea_pastwk,c315b_chld_drhea_pastwk,string,[]
c315c_chld_drhea_pastwk,c315c_chld_drhea_pastwk,string,[]
c315d_chld_drhea_pastwk,c315d_chld_drhea_pastwk,string,[]
c315e_chld_drhea_pastwk,c315e_chld_drhea_pastwk,string,[]
c315f_chld_drhea_pastwk,c315f_chld_drhea_pastwk,string,[]
c315g_chld_drhea_pastwk,c315g_chld_drhea_pastwk,string,[]
c315h_chld_drhea_pastwk,c315h_chld_drhea_pastwk,string,[]
c321_cause_drhea,c321_cause_drhea,array,"[""c321_cause_drhea_items""]"
c321_cause_drhea_items,items,string,[]
c321_cause_drhea_other,c321_cause_drhea_other,string,[]
c322_prevent_drhea,c322_prevent_drhea,array,"[""c322_prevent_drhea_items""]"
c322_prevent_drhea_items,items,string,[]
c322_prevent_drhea_other,c322_prevent_drhea_other,string,[]
c323_pop_dispose,c323_pop_dispose,string,[]
c323_pop_dispose_other,c323_pop_dispose_other,string,[]
c324_own_latrne,c324_own_latrne,string,[]
c324a_dfcate_where,c324a_dfcate_where,string,[]
c324a_dfcate_where_other,c324a_dfcate_where_other,string,[]
c324b_latrne_share,c324b_latrne_share,integer,[]
c324c_latrne_type,c324c_latrne_type,string,[]
c324c_latrne_type_other,c324c_latrne_type_other,string,[]
c325_latrne_distnc,c325_latrne_distnc,string,[]
c327_wash_handtimes,c327_wash_handtimes,array,"[""c327_wash_handtimes_items""]"
c327_wash_handtimes_items,items,string,[]
c327_wash_handtimes_other,c327_wash_handtimes_other,string,[]
c328_wash_hand_use,c328_wash_hand_use,string,[]
c328_wash_hand_use_other,c328_wash_hand_use_other,string,[]
c329_no_soap_why,c329_no_soap_why,string,[]
c329_no_soap_why_other,c329_no_soap_why_other,string,[]
c401_giv_glass_watr,c401_giv_glass_watr,string,[]
c401a_giv_glass_watr_child,c401a_giv_glass_watr_child,string,[]
c401b_giv_glass_watr_normal,c401b_giv_glass_watr_normal,string,[]
c401c_giv_glass_watr_whynot,c401c_giv_glass_watr_whynot,string,[]
c401c_giv_glass_watr_whynot_other,c401c_giv_glass_watr_whynot_other,string,[]
c401d_drink_confirm,c401d_drink_confirm,string,[]
c402_watr_drawn,c402_watr_drawn,string,[]
c402_watr_drawn_other,c402_watr_drawn_other,string,[]
c403_cont_type,c403_cont_type,string,[]
c403_cont_type_other,c403_cont_type_other,string,[]
c403a_cont_size,c403a_cont_size,integer,[]
c404_cont_dipper,c404_cont_dipper,string,[]
c404_cont_dipper_other,c404_cont_dipper_other,string,[]
c405_cont_cover,c405_cont_cover,string,[]
c405_cont_cover_other,c405_cont_cover_other,string,[]
c406_watr_source,c406_watr_source,string,[]
c406_watr_source_other,c406_watr_source_other,string,[]
c407_watr_collect_by,c407_watr_collect_by,string,[]
c407_watr_collect_by_other,c407_watr_collect_by_other,string,[]
c407a_watr_collect_age_chld,c407a_watr_collect_age_chld,integer,[]
c408_cont_size,c408_cont_size,string,[]
c408_cont_size_other,c408_cont_size_other,string,[]
c409_watr_collect_when,c409_watr_collect_when,string,[]
c410_watr_treatd,c410_watr_treatd,string,[]
c411_watr_treatd_how,c411_watr_treatd_how,array,"[""c411_watr_treatd_how_items""]"
c411_watr_treatd_how_items,items,string,[]
c411_watr_treatd_how_other,c411_watr_treatd_how_other,string,[]
c411a_watr_treatd_filter_type,c411a_watr_treatd_filter_type,string,[]
c411a_watr_treatd_filter_type_ot,c411a_watr_treatd_filter_type_ot,string,[]
c412_watr_treatd_when,c412_watr_treatd_when,string,[]
c413_watr_mix,c413_watr_mix,string,[]
c414_watr_safe,c414_watr_safe,string,[]
c415a_watr_safe_why,c415a_watr_safe_why,array,"[""c415a_watr_safe_why_items""]"
c415a_watr_safe_why_items,items,string,[]
c415a_watr_safe_why_other,c415a_watr_safe_why_other,string,[]
c415b_watr_safe_whynot,c415b_watr_safe_whynot,array,"[""c415b_watr_safe_whynot_items""]"
c415b_watr_safe_whynot_items,items,string,[]
c415b_watr_safe_whynot_other,c415b_watr_safe_whynot_other,string,[]
c501_used_disp_ever,c501_used_disp_ever,string,[]
c502_used_disp_pastwk,c502_used_disp_pastwk,string,[]
c503_used_disp_lasttime,c503_used_disp_lasttime,string,[]
c504a_used_disp_why,c504a_used_disp_why,array,"[""c504a_used_disp_why_items""]"
c504a_used_disp_why_items,items,string,[]
c504a_used_disp_why_other,c504a_used_disp_why_other,string,[]
c504b_used_disp_whynot,c504b_used_disp_whynot,array,"[""c504b_used_disp_whynot_items""]"
c504b_used_disp_whynot_items,items,string,[]
c504b_used_disp_whynot_other,c504b_used_disp_whynot_other,string,[]
c505_disp_benefits,c505_disp_benefits,array,"[""c505_disp_benefits_items""]"
c505_disp_benefits_items,items,string,[]
c505_disp_benefits_other,c505_disp_benefits_other,string,[]
c506_disp_trust,c506_disp_trust,string,[]
c507_cl_prim_use,c507_cl_prim_use,string,[]
c507_cl_prim_use_other,c507_cl_prim_use_other,string,[]
c513_disp_empty_ever,c513_disp_empty_ever,string,[]
c514_disp_empty_last_time,c514_disp_empty_last_time,string,[]
c514_disp_empty_last_time_other,c514_disp_empty_last_time_other,string,[]
c515_disp_empty_last_days,c515_disp_empty_last_days,integer,[]
c517_charg_disp_use,c517_charg_disp_use,string,[]
c519_charg_disp_use_who,c519_charg_disp_use_who,string,[]
c519_charg_disp_use_who_other,c519_charg_disp_use_who_other,string,[]
c601a_attend_vcs,c601a_attend_vcs,string,[]
c601b_attend_cem,c601b_attend_cem,string,[]
c602_talk_abt_disp,c602_talk_abt_disp,string,[]
c603_talk_abt_disp_who,c603_talk_abt_disp_who,array,"[""c603_talk_abt_disp_who_items""]"
c603_talk_abt_disp_who_items,items,string,[]
c603_talk_abt_disp_who_other,c603_talk_abt_disp_who_other,string,[]
c603a_talk_abt_disp_ngo,c603a_talk_abt_disp_ngo,string,[]
c604a_name_prom,c604a_name_prom,string,[]
c604b_name_asprom,c604b_name_asprom,string,[]
c605_prom_seen,c605_prom_seen,string,[]
c606_prom_talked,c606_prom_talked,string,[]
c607_prom_rate,c607_prom_rate,string,[]
c608a_prom_whygood,c608a_prom_whygood,array,"[""c608a_prom_whygood_items""]"
c608a_prom_whygood_items,items,string,[]
c608a_prom_whygood_other,c608a_prom_whygood_other,string,[]
c608b_prom_whybad,c608b_prom_whybad,array,"[""c608b_prom_whybad_items""]"
c608b_prom_whybad_items,items,string,[]
c608b_prom_whybad_other,c608b_prom_whybad_other,string,[]
c700_water_color,c700_water_color,string,[]
c701_know_turns,c701_know_turns,string,[]
c701_know_turns_other,c701_know_turns_other,string,[]
c701b_chor_wait_howlong,c701b_chor_wait_howlong,string,[]
c702_know_wait,c702_know_wait,integer,[]
c703a_know_step1,c703a_know_step1,string,[]
c703b_know_step2,c703b_know_step2,string,[]
c703c_know_step3,c703c_know_step3,string,[]
c704_know_ifempty,c704_know_ifempty,array,"[""c704_know_ifempty_items""]"
c704_know_ifempty_items,items,string,[]
c704_know_ifempty_other,c704_know_ifempty_other,string,[]
c704a_know_ifempty_ngo,c704a_know_ifempty_ngo,string,[]
c705_interview_language,c705_interview_language,string,[]
c705_interview_language_other,c705_interview_language_other,string,[]
c706_interview_fa,c706_interview_fa,string,[]
c707_Interview_translator,c707_Interview_translator,string,[]
c708_interview_who_translate,c708_interview_who_translate,string,[]
c801_tcr_test,c801_tcr_test,string,[]
c801a_tcr_test_whynot,c801a_tcr_test_whynot,string,[]
c802_tcr_sampl_color,c802_tcr_sampl_color,string,[]
c803_tcr_reading,c803_tcr_reading,number,[]
c804_fcr_test,c804_fcr_test,string,[]
c804a_fcr_test_whynot,c804a_fcr_test_whynot,string,[]
c805_fcr_sampl_color,c805_fcr_sampl_color,string,[]
c806_fcr_reading,c806_fcr_reading,number,[]
c807_chlorine_source,c807_chlorine_source,string,[]
c807a_chlorine_whynot,c807a_chlorine_whynot,array,"[""c807a_chlorine_whynot_items""]"
c807a_chlorine_whynot_items,items,string,[]
c807a_chlorine_whynot_other,c807a_chlorine_whynot_other,string,[]
c_fa1,c_fa1,string,[]
c_fa2,c_fa2,string,[]
c_fa3,c_fa3,string,[]
c_fa5,c_fa5,string,[]
c_fa6,c_fa6,string,[]
c_fa7,c_fa7,string,[]
c_fa8,c_fa8,string,[]
p100a_spot_wpt_usable,p100a_spot_wpt_usable,string,[]
p100ai_spot_wpt_notusable,p100ai_spot_wpt_notusable,string,[]
p100b_spot_tank_in_disp,p100b_spot_tank_in_disp,string,[]
p100c_spot_cl_in_tank,p100c_spot_cl_in_tank,string,[]
p107_wpt_gps,p107_wpt_gps,geopoint,"[""p107_wpt_gps_accuracy"",""p107_wpt_gps_altitude"",""p107_wpt_gps_latitude"",""p107_wpt_gps_longitude""]"
p107_wpt_gps_accuracy,accuracy,number,[]
p107_wpt_gps_altitude,altitude,number,[]
p107_wpt_gps_latitude,latitude,number,[]
p107_wpt_gps_longitude,longitude,number,[]
p107a_wpt_gps,p107a_wpt_gps,geopoint,"[""p107a_wpt_gps_accuracy"",""p107a_wpt_gps_altitude"",""p107a_wpt_gps_latitude"",""p107a_wpt_gps_longitude""]"
p107a_wpt_gps_accuracy,accuracy,number,[]
p107a_wpt_gps_altitude,altitude,number,[]
p107a_wpt_gps_latitude,latitude,number,[]
p107a_wpt_gps_longitude,longitude,number,[]
p109_resp_consent,p109_resp_consent,string,[]
p110_resp_name,p110_resp_name,string,[]
p112_resp_contct,p112_resp_contct,integer,[]
p113_resp_prom_asprom,p113_resp_prom_asprom,string,[]
p113a_hhold_dry,p113a_hhold_dry,integer,[]
p113b_hhold_wet,p113b_hhold_wet,integer,[]
p114_prom_at_instaltn,p114_prom_at_instaltn,string,[]
p114a_replacd_prom_date,p114a_replacd_prom_date,date,[]
p114b_replacd_prom_why,p114b_replacd_prom_why,string,[]
p114c_many_hh_chlodisp,p114c_many_hh_chlodisp,integer,[]
p115_hh_use_watersource,p115_hh_use_watersource,string,[]
p115a_many_hh_usesource,p115a_many_hh_usesource,integer,[]
p116_hh_no_change,p116_hh_no_change,string,[]
p116a_hh_no_increase_reduce,p116a_hh_no_increase_reduce,string,[]
p117_reason_reduce,p117_reason_reduce,array,"[""p117_reason_reduce_items""]"
p117_reason_reduce_items,items,string,[]
p117_reason_reduce_other,p117_reason_reduce_other,string,[]
p117a_reason_increase,p117a_reason_increase,array,"[""p117a_reason_increase_items""]"
p117a_reason_increase_items,items,string,[]
p117a_reason_increase_other,p117a_reason_increase_other,string,[]
p200_get_watr_rsponsbl,p200_get_watr_rsponsbl,string,[]
p201_get_watr_dispsource,p201_get_watr_dispsource,string,[]
p201_get_watr_dispsource_other,p201_get_watr_dispsource_other,string,[]
p201a_get_watr_dispsource_whynot,p201a_get_watr_dispsource_whynot,array,"[""p201a_get_watr_dispsource_whynot_items""]"
p201a_get_watr_dispsource_whynot_items,items,string,[]
p201a_get_watr_dispsource_ynt_ot,p201a_get_watr_dispsource_ynt_ot,string,[]
p202_walk_disp,p202_walk_disp,integer,[]
p203_resp_gender,p203_resp_gender,string,[]
p204_resp_age,p204_resp_age,integer,[]
p205_resp_schling,p205_resp_schling,string,[]
p205_resp_schling_other,p205_resp_schling_other,string,[]
p210_yrs_livd_vil,p210_yrs_livd_vil,string,[]
p210_yrs_livd_vil_other,p210_yrs_livd_vil_other,string,[]
p305a_cmpd_child,p305a_cmpd_child,integer,[]
p305b_hhold_child,p305b_hhold_child,integer,[]
p306a_chld1_gender,p306a_chld1_gender,string,[]
p308a_chld1_age_months,p308a_chld1_age_months,integer,[]
p309a_chld1_age_wks,p309a_chld1_age_wks,integer,[]
p310a_chld1_brstfdg,p310a_chld1_brstfdg,string,[]
p311a_chld1_drhea_past2wks,p311a_chld1_drhea_past2wks,string,[]
p312a_chld1_drhea_today,p312a_chld1_drhea_today,string,[]
p313a_chld1_drhea_ystrday,p313a_chld1_drhea_ystrday,string,[]
p314a_chld1_drhea_bfoystrday,p314a_chld1_drhea_bfoystrday,string,[]
p315a_chld1_drhea_pastwk,p315a_chld1_drhea_pastwk,string,[]
p401_giv_glass_watr,p401_giv_glass_watr,string,[]
p401a_giv_glass_watr_child,p401a_giv_glass_watr_child,string,[]
p401b_giv_glass_watr_normal,p401b_giv_glass_watr_normal,string,[]
p401c_giv_glass_watr_whynot,p401c_giv_glass_watr_whynot,string,[]
p407_watr_collect_by,p407_watr_collect_by,string,[]
p407_watr_collect_by_other,p407_watr_collect_by_other,string,[]
p410_watr_treatd,p410_watr_treatd,string,[]
p411_watr_treatd_how,p411_watr_treatd_how,array,"[""p411_watr_treatd_how_items""]"
p411_watr_treatd_how_items,items,string,[]
p411_watr_treatd_how_other,p411_watr_treatd_how_other,string,[]
p411a_watr_treatd_filter_type,p411a_watr_treatd_filter_type,string,[]
p411a_watr_treatd_filter_type_ot,p411a_watr_treatd_filter_type_ot,string,[]
p501_recent_fill_disp,p501_recent_fill_disp,string,[]
p502_mix_cl,p502_mix_cl,string,[]
p503_key_disp,p503_key_disp,string,[]
p503a_key_show_whynot,p503a_key_show_whynot,string,[]
p503a_key_show_whynot_other,p503a_key_show_whynot_other,string,[]
p504_store_cl,p504_store_cl,string,[]
p504a_store_cl_whynot,p504a_store_cl_whynot,string,[]
p504a_store_cl_whynot_other,p504a_store_cl_whynot_other,string,[]
p505_store_temp_flactn,p505_store_temp_flactn,string,[]
p506_store_chld_aces,p506_store_chld_aces,string,[]
p507_unopend_refills,p507_unopend_refills,integer,[]
p508_receivd_cl_since_instaln,p508_receivd_cl_since_instaln,string,[]
p509_receivd_cl_last,p509_receivd_cl_last,string,[]
p509_receivd_cl_last_other,p509_receivd_cl_last_other,string,[]
p510a_deliver_cl,p510a_deliver_cl,string,[]
p510b_jerrycans,p510b_jerrycans,integer,[]
p511_prob_cl_deliv,p511_prob_cl_deliv,string,[]
p512_prob_cl_deliv_what,p512_prob_cl_deliv_what,array,"[""p512_prob_cl_deliv_what_items""]"
p512_prob_cl_deliv_what_items,items,string,[]
p512_prob_cl_deliv_what_other,p512_prob_cl_deliv_what_other,string,[]
p513_disp_empty_ever,p513_disp_empty_ever,string,[]
p514_disp_empty_last_time,p514_disp_empty_last_time,string,[]
p514_disp_empty_last_time_other,p514_disp_empty_last_time_other,string,[]
p515_disp_empty_last_days,p515_disp_empty_last_days,integer,[]
p516_disp_empty_why,p516_disp_empty_why,array,"[""p516_disp_empty_why_items""]"
p516_disp_empty_why_items,items,string,[]
p516_disp_empty_why_other,p516_disp_empty_why_other,string,[]
p517_charg_comm,p517_charg_comm,string,[]
p518_charg_comm_curently,p518_charg_comm_curently,string,[]
p519_charg_comm_who,p519_charg_comm_who,array,"[""p519_charg_comm_who_items""]"
p519_charg_comm_who_items,items,string,[]
p519_charg_comm_who_other,p519_charg_comm_who_other,string,[]
p520_charg_comm_howmuch,p520_charg_comm_howmuch,integer,[]
p521_chlorine_lost,p521_chlorine_lost,string,[]
p521a_amt_chlorine_lost,p521a_amt_chlorine_lost,integer,[]
p522_confirm_amt_chlorine_lost,p522_confirm_amt_chlorine_lost,string,[]
p601_mang_wpt,p601_mang_wpt,string,[]
p601_mang_wpt_other,p601_mang_wpt_other,string,[]
p602_invlvd_mang_wpt,p602_invlvd_mang_wpt,string,[]
p603_wpt_prob_howlong,p603_wpt_prob_howlong,integer,[]
p604_wpt_prob_repair,p604_wpt_prob_repair,string,[]
p605_wpt_prob_refill,p605_wpt_prob_refill,string,[]
p606_wpt_prob_use,p606_wpt_prob_use,string,[]
p607_work_hrs,p607_work_hrs,string,[]
p608_invlvd_comm_activty,p608_invlvd_comm_activty,string,[]
p609_invlvd_grps,p609_invlvd_grps,array,"[""p609_invlvd_grps_items""]"
p609_invlvd_grps_items,items,string,[]
p609_invlvd_grps_other,p609_invlvd_grps_other,string,[]
p610_chw_vct,p610_chw_vct,array,"[""p610_chw_vct_items""]"
p610_chw_vct_items,items,string,[]
p610_chw_vct_other,p610_chw_vct_other,string,[]
p611_perfmd_promo,p611_perfmd_promo,string,[]
p612_perfmd_activty,p612_perfmd_activty,array,"[""p612_perfmd_activty_items""]"
p612_perfmd_activty_items,items,string,[]
p613_who_acompanid,p613_who_acompanid,array,"[""p613_who_acompanid_items""]"
p613_who_acompanid_items,items,string,[]
p613_who_acompanid_other,p613_who_acompanid_other,string,[]
p614_activty_hrs,p614_activty_hrs,integer,[]
p614b_chp_activty_hrs,p614b_chp_activty_hrs,integer,[]
p615_comtee_perfmd_promo,p615_comtee_perfmd_promo,string,[]
p616_disp_discsd_baraza,p616_disp_discsd_baraza,string,[]
p701_know_turns,p701_know_turns,string,[]
p701_know_turns_other,p701_know_turns_other,string,[]
p702_know_wait,p702_know_wait,integer,[]
p703a_know_step1,p703a_know_step1,string,[]
p703b_know_step2,p703b_know_step2,string,[]
p703c_know_step3,p703c_know_step3,string,[]
p705_interview_language,p705_interview_language,string,[]
p705_interview_language_other,p705_interview_language_other,string,[]
p706_interview_fa,p706_interview_fa,string,[]
p707_Interview_translator,p707_Interview_translator,string,[]
p708_interview_who_translate,p708_interview_who_translate,string,[]
p801_tcr_test,p801_tcr_test,string,[]
p801a_tcr_test_whynot,p801a_tcr_test_whynot,string,[]
p802_tcr_sampl_color,p802_tcr_sampl_color,string,[]
p803_tcr_reading,p803_tcr_reading,number,[]
p804_fcr_test,p804_fcr_test,string,[]
p804a_fcr_test_whynot,p804a_fcr_test_whynot,string,[]
p805_fcr_sampl_color,p805_fcr_sampl_color,string,[]
p806_fcr_reading,p806_fcr_reading,number,[]
p807_get_chlorine,p807_get_chlorine,string,[]
p807_get_chlorine_other,p807_get_chlorine_other,string,[]
p901_tankremvd_prom,p901_tankremvd_prom,string,[]
p902_tankremvd_who,p902_tankremvd_who,string,[]
p902a_tankremvd_who_explain,p902a_tankremvd_who_explain,string,[]
p903_tankremvd_why,p903_tankremvd_why,array,"[""p903_tankremvd_why_items""]"
p903_tankremvd_why_items,items,string,[]
p903_tankremvd_why_other,p903_tankremvd_why_other,string,[]
p904_tankreturn_plan,p904_tankreturn_plan,string,[]
p905_tankreturn_condits,p905_tankreturn_condits,array,"[""p905_tankreturn_condits_items""]"
p905_tankreturn_condits_items,items,string,[]
p905_tankreturn_condits_other,p905_tankreturn_condits_other,string,[]
p906_prob_hardwr_cl,p906_prob_hardwr_cl,string,[]
p907a_prob_hardwr_cl_typ,p907a_prob_hardwr_cl_typ,array,"[""p907a_prob_hardwr_cl_typ_items""]"
p907a_prob_hardwr_cl_typ_items,items,string,[]
p907a_prob_hardwr_cl_typ_other,p907a_prob_hardwr_cl_typ_other,string,[]
p907b_prob_hardwr_cl_respons,p907b_prob_hardwr_cl_respons,array,"[""p907b_prob_hardwr_cl_respons_items""]"
p907b_prob_hardwr_cl_respons_items,items,string,[]
p907b_prob_hardwr_cl_respons_oth,p907b_prob_hardwr_cl_respons_oth,string,[]
p908_prob_comm,p908_prob_comm,string,[]
p909a_prob_comm_typ,p909a_prob_comm_typ,array,"[""p909a_prob_comm_typ_items""]"
p909a_prob_comm_typ_items,items,string,[]
p909b_prob_comm_respons,p909b_prob_comm_respons,array,"[""p909b_prob_comm_respons_items""]"
p909b_prob_comm_respons_items,items,string,[]
p910_prob_rumor,p910_prob_rumor,string,[]
p911a_prob_rumor_typ,p911a_prob_rumor_typ,array,"[""p911a_prob_rumor_typ_items""]"
p911a_prob_rumor_typ_items,items,string,[]
p911a_prob_rumor_typ_other,p911a_prob_rumor_typ_other,string,[]
p911b_prob_rumor_respons,p911b_prob_rumor_respons,array,"[""p911b_prob_rumor_respons_items""]"
p911b_prob_rumor_respons_items,items,string,[]
p911b_prob_rumor_respons_other,p911b_prob_rumor_respons_other,string,[]
p912_prob_disp_action,p912_prob_disp_action,array,"[""p912_prob_disp_action_items""]"
p912_prob_disp_action_items,items,string,[]
p912_prob_disp_action_other,p912_prob_disp_action_other,string,[]
p912a_prob_disp_ngo,p912a_prob_disp_ngo,string,[]
p_fa1,p_fa1,string,[]
p_fa4,p_fa4,string,[]
p_fa5,p_fa5,string,[]
p_fa6,p_fa6,string,[]
p_fa7,p_fa7,string,[]
p_fa8,p_fa8,string,[]
p_fa9,p_fa9,string,[]
s005_today,s005_today,dateTime,[]
s011_program,s011_program,string,[]
s012_county,s012_county,string,[]
s013_subcounty,s013_subcounty,string,[]
s016_subloc,s016_subloc,string,[]
s017_village,s017_village,string,[]
s100_disp_at_wpt,s100_disp_at_wpt,string,[]
s100a_disp_at_wpt_whynot,s100a_disp_at_wpt_whynot,array,"[""s100a_disp_at_wpt_whynot_items""]"
s100a_disp_at_wpt_whynot_items,items,string,[]
s100a_disp_at_wpt_whynot_other,s100a_disp_at_wpt_whynot_other,string,[]
s102_wpt_id,s102_wpt_id,string,[]
s102_wpt_id_Num,s102_wpt_id_Num,undefined,[]
s105_disp_serial,s105_disp_serial,string,[]
s105b_disp_serial,s105b_disp_serial,string,[]
s106_disp_barcode,s106_disp_barcode,string,[]
s106a_disp_barcode_img,s106a_disp_barcode_img,mimeUri,"[""s106a_disp_barcode_img_contentType"",""s106a_disp_barcode_img_uriFragment""]"
s106a_disp_barcode_img_contentType,contentType,mimeType,[]
s106a_disp_barcode_img_uriFragment,uriFragment,rowpath,[]
s107_wpt_gps,s107_wpt_gps,geopoint,"[""s107_wpt_gps_accuracy"",""s107_wpt_gps_altitude"",""s107_wpt_gps_latitude"",""s107_wpt_gps_longitude""]"
s107_wpt_gps_accuracy,accuracy,number,[]
s107_wpt_gps_altitude,altitude,number,[]
s107_wpt_gps_latitude,latitude,number,[]
s107_wpt_gps_longitude,longitude,number,[]
s107a_wpt_gps,s107a_wpt_gps,geopoint,"[""s107a_wpt_gps_accuracy"",""s107a_wpt_gps_altitude"",""s107a_wpt_gps_latitude"",""s107a_wpt_gps_longitude""]"
s107a_wpt_gps_accuracy,accuracy,number,[]
s107a_wpt_gps_altitude,altitude,number,[]
s107a_wpt_gps_latitude,latitude,number,[]
s107a_wpt_gps_longitude,longitude,number,[]
s109_wpt_usable,s109_wpt_usable,string,[]
s109a_wpt_usable_whynot,s109a_wpt_usable_whynot,array,"[""s109a_wpt_usable_whynot_items""]"
s109a_wpt_usable_whynot_items,items,string,[]
s109a_wpt_usable_whynot_other,s109a_wpt_usable_whynot_other,string,[]
s203_tank_in_disp,s203_tank_in_disp,string,[]
s204_cl_in_tank,s204_cl_in_tank,string,[]
s205_cl_level,s205_cl_level,string,[]
s205a_fill_tank,s205a_fill_tank,string,[]
s205b_fill_tank_whynot,s205b_fill_tank_whynot,string,[]
s206_cl_dispensed,s206_cl_dispensed,string,[]
s206_sample_office,s206_sample_office,string,[]
s207_cl_sampl,s207_cl_sampl,string,[]
s207a_cl_sampl_whynot,s207a_cl_sampl_whynot,string,[]
s207a_cl_sampl_whynot_other,s207a_cl_sampl_whynot_other,string,[]
s208_dispprob,s208_dispprob,string,[]
s209_dispprob_cas_padlk,s209_dispprob_cas_padlk,string,[]
s209a_cas_brok_sag,s209a_cas_brok_sag,string,[]
s209b_cas_crack,s209b_cas_crack,string,[]
s209c_cas_hing_brok,s209c_cas_hing_brok,string,[]
s209d_cas_lokhole_brok,s209d_cas_lokhole_brok,string,[]
s209di_cas_brok_otherloctn,s209di_cas_brok_otherloctn,string,[]
s209e_lid_misng,s209e_lid_misng,string,[]
s209f_lid_bent_crack,s209f_lid_bent_crack,string,[]
s209g_padlk_brok,s209g_padlk_brok,string,[]
s209h_padlk_misng,s209h_padlk_misng,string,[]
s209i_padlk_rust,s209i_padlk_rust,string,[]
s209j_hinge_crack,s209j_hinge_crack,string,[]
s209k_case_crack_brok,s209k_case_crack_brok,string,[]
s209l_displid_brok_other,s209l_displid_brok_other,string,[]
s209m_hinge_miss,s209m_hinge_miss,string,[]
s209n_lidbrace_miss,s209n_lidbrace_miss,string,[]
s209o_other_issue,s209o_other_issue,string,[]
s210_dispprob_tnk_vlv,s210_dispprob_tnk_vlv,string,[]
s210a_tnk_cap_misng,s210a_tnk_cap_misng,string,[]
s210b_disp_leak,s210b_disp_leak,string,[]
s210c_vlv_brok,s210c_vlv_brok,string,[]
s210d_vlv_notdispng,s210d_vlv_notdispng,string,[]
s210e_vlv_misng,s210e_vlv_misng,string,[]
s210f_vlv_leakng,s210f_vlv_leakng,string,[]
s210g_tnk_vlv_misng,s210g_tnk_vlv_misng,string,[]
s210h_vlv_unbl_turn,s210h_vlv_unbl_turn,string,[]
s210i_vlv_difclt_turn,s210i_vlv_difclt_turn,string,[]
s211_dispprob_stker_tag_paint,s211_dispprob_stker_tag_paint,string,[]
s211a_stker_misng_instrn,s211a_stker_misng_instrn,string,[]
s211b_tag_misng,s211b_tag_misng,string,[]
s211c_stkr_misng_other,s211c_stkr_misng_other,string,[]
s211d_disp_rust_paint_plng,s211d_disp_rust_paint_plng,string,[]
s212_dispprob_bs_pvc_stnd_blt_nt,s212_dispprob_bs_pvc_stnd_blt_nt,string,[]
s212a_asst_tag_secured,s212a_asst_tag_secured,string,[]
s212a_concrt_crack,s212a_concrt_crack,string,[]
s212b_drilled_rivets,s212b_drilled_rivets,string,[]
s212b_pst_brok_metal,s212b_pst_brok_metal,string,[]
s212c_pst_brok_pvc,s212c_pst_brok_pvc,string,[]
s212c_reason_notdrilling,s212c_reason_notdrilling,string,[]
s212d_bltnut_loose,s212d_bltnut_loose,string,[]
s212e_bltnut_misng,s212e_bltnut_misng,string,[]
s212f_bltnut_rust,s212f_bltnut_rust,string,[]
s212g_bltnut_bar,s212g_bltnut_bar,string,[]
s213_dtails_wrong_disp,s213_dtails_wrong_disp,string,[]
s214_suspct_vndlsm,s214_suspct_vndlsm,string,[]
s214b_disp_repair,s214b_disp_repair,string,[]
s214c_disp_repair_specfy,s214c_disp_repair_specfy,string,[]
s215_disp_locatn,s215_disp_locatn,string,[]
s216_disp_facing_wpt,s216_disp_facing_wpt,string,[]
s217_metal_bar,s217_metal_bar,string,[]
s219_fitted_Lbar,s219_fitted_Lbar,string,[]
s220_bar_whynot,s220_bar_whynot,string,[]
s500_tank_present,s500_tank_present,string,[]
s501_case_present,s501_case_present,string,[]
s502_pole_present,s502_pole_present,string,[]
s504_prev_loc,s504_prev_loc,mimeUri,"[""s504_prev_loc_contentType"",""s504_prev_loc_uriFragment""]"
s504_prev_loc_contentType,contentType,mimeType,[]
s504_prev_loc_uriFragment,uriFragment,rowpath,[]
